{"version":1,"index":0,"parentId":"ebd0655f-9a5d-42ca-9412-aa610ca86c42","name":"Blue #2 - Primary","color":{"r":0.11372549019607843,"b":0.69803921568627447,"g":0.40392156862745099,"a":1}}