{"color":{"r":0.8705882352941177,"b":0.8705882352941177,"g":0.9294117647058824,"a":1},"version":1,"parentId":"837e2175-0593-4eec-b653-b0d0ab3468aa","name":"Tertiary Green","index":3}