{"color":{"r":0.9490196078431372,"b":0.9490196078431372,"g":0.9490196078431372,"a":1},"version":1,"parentId":"f54265cf-b615-476d-b6d7-eba2d703764c","name":"Secondary Light Gray","index":5}