{"index":2,"color":{"r":0.84705882352941175,"b":0.29803921568627451,"g":0.28235294117647058,"a":1},"parentId":"da9e2157-d6a7-4df9-910c-8afc349ce253","name":"Red #3","version":1}