{"index":4,"color":{"r":0.098039215686274508,"b":0.098039215686274508,"g":0.38039215686274508,"a":1},"parentId":"93875525-bb50-47f5-b200-3fac5ae456b0","name":"Green #1","version":1}