{"index":4,"color":{"r":1,"b":0.84705882352941175,"g":0.91764705882352937,"a":1},"parentId":"4b0be324-f9b0-4343-85cc-a13683fd7a3f","name":"Orange #5","version":1}