{"color":{"r":0.9098039215686274,"b":0.9098039215686274,"g":0.9098039215686274,"a":1},"version":1,"parentId":"837e2175-0593-4eec-b653-b0d0ab3468aa","name":"Tertiary Gray 3","index":2}