{"index":0,"color":{"r":0.2627450980392157,"b":0.2627450980392157,"g":0.2627450980392157,"a":1},"parentId":"1b934fb3-e151-493f-a622-4263a4b9b733","name":"Gray #2 - Primary","version":1}