{"version":1,"index":0,"parentId":"07b4794d-c85f-40f6-aaa1-41f1c632a029","name":"Teal #2 - Primary","color":{"r":0.25490196078431371,"b":0.78431372549019607,"g":0.69411764705882351,"a":1}}