{"color":{"r":0.87058823529411766,"b":0.87058823529411766,"g":0.92941176470588238,"a":1},"version":1,"parentId":"93875525-bb50-47f5-b200-3fac5ae456b0","name":"Green #5","index":4}