{"color":{"r":0.788235294117647,"b":0.02745098039215686,"g":0.00392156862745098,"a":1},"version":1,"parentId":"37CF9F90-D1E7-408C-97F7-56A64BE28F7C","name":"Primary Red","index":0}