{"version":1,"index":0,"parentId":"da9e2157-d6a7-4df9-910c-8afc349ce253","name":"Red #2 - Primary","color":{"r":0.78823529411764703,"b":0.027450980392156859,"g":0.0039215686274509803,"a":1}}