{"version":1,"index":1,"parentId":"da9e2157-d6a7-4df9-910c-8afc349ce253","name":"Red #1","color":{"r":0.63529411764705879,"b":0.023529411764705882,"g":0.0039215686274509803,"a":1}}