{"color":{"r":0.9450980392156862,"b":0.8549019607843137,"g":0.8509803921568627,"a":1},"version":1,"parentId":"837e2175-0593-4eec-b653-b0d0ab3468aa","name":"Tertiary Red","index":5}