{"version":1,"index":3,"parentId":"ebd0655f-9a5d-42ca-9412-aa610ca86c42","name":"Blue #4","color":{"r":0.60784313725490191,"b":0.8666666666666667,"g":0.73725490196078436,"a":1}}