{"color":{"r":0.90980392156862744,"b":0.90980392156862744,"g":0.90980392156862744,"a":1},"version":1,"parentId":"1b934fb3-e151-493f-a622-4263a4b9b733","name":"Gray #6","index":5}