{"index":4,"color":{"r":1,"b":0.85098039215686272,"g":0.96078431372549022,"a":1},"parentId":"97327787-be99-498a-8b2a-2102fb7c5112","name":"Yellow #5","version":1}