{"version":1,"index":4,"parentId":"ebd0655f-9a5d-42ca-9412-aa610ca86c42","name":"Blue #5","color":{"r":0.87058823529411766,"b":0.96078431372549022,"g":0.90980392156862744,"a":1}}