{"color":{"r":0.1333333333333333,"b":0.1333333333333333,"g":0.1333333333333333,"a":1},"version":1,"parentId":"37CF9F90-D1E7-408C-97F7-56A64BE28F7C","name":"Primary Dark Gray","index":1}