{"index":1,"color":{"r":0.18431372549019609,"b":0.56470588235294117,"g":0.50196078431372548,"a":1},"parentId":"07b4794d-c85f-40f6-aaa1-41f1c632a029","name":"Teal #1","version":1}