{"index":4,"color":{"r":0.94901960784313721,"b":0.87058823529411766,"g":0.87058823529411766,"a":1},"parentId":"da9e2157-d6a7-4df9-910c-8afc349ce253","name":"Red #5","version":1}