{"color":{"r":1,"b":0.55686274509803924,"g":0.75686274509803919,"a":1},"version":1,"parentId":"4b0be324-f9b0-4343-85cc-a13683fd7a3f","name":"Orange #4","index":3}