{"color":{"r":0.1372549019607843,"b":0.1372549019607843,"g":0.5294117647058824,"a":1},"version":1,"parentId":"f54265cf-b615-476d-b6d7-eba2d703764c","name":"Secondary Green","index":2}