{"color":{"r":0.61960784313725492,"b":0.61960784313725492,"g":0.792156862745098,"a":1},"version":1,"parentId":"93875525-bb50-47f5-b200-3fac5ae456b0","name":"Green #4","index":3}