{"color":{"r":0.72156862745098038,"b":0.18823529411764706,"g":0.33333333333333331,"a":1},"version":1,"parentId":"4b0be324-f9b0-4343-85cc-a13683fd7a3f","name":"Orange #1","index":1}