{"color":{"r":0.37647058823529411,"b":0.37647058823529411,"g":0.6588235294117647,"a":1},"version":1,"parentId":"93875525-bb50-47f5-b200-3fac5ae456b0","name":"Green #3","index":2}