{"index":2,"color":{"r":0.40000000000000002,"b":0.40000000000000002,"g":0.40000000000000002,"a":1},"parentId":"1b934fb3-e151-493f-a622-4263a4b9b733","name":"Gray #3","version":1}