{"color":{"r":0.80000000000000004,"b":0.80000000000000004,"g":0.80000000000000004,"a":1},"version":1,"parentId":"1b934fb3-e151-493f-a622-4263a4b9b733","name":"Gray #5","index":4}