{"index":3,"color":{"r":0.082352941176470587,"b":0.50196078431372548,"g":0.29019607843137257,"a":1},"parentId":"ebd0655f-9a5d-42ca-9412-aa610ca86c42","name":"Blue #1","version":1}