{"index":3,"color":{"r":0.6705882352941176,"b":0.90588235294117647,"g":0.86274509803921573,"a":1},"parentId":"07b4794d-c85f-40f6-aaa1-41f1c632a029","name":"Teal #4","version":1}