{"index":2,"color":{"r":0.99215686274509807,"b":0.27843137254901962,"g":0.81568627450980391,"a":1},"parentId":"97327787-be99-498a-8b2a-2102fb7c5112","name":"Yellow #3","version":1}