{"color":{"r":1,"b":0.27843137254901962,"g":0.60392156862745094,"a":1},"version":1,"parentId":"4b0be324-f9b0-4343-85cc-a13683fd7a3f","name":"Orange #3","index":2}