{"index":3,"color":{"r":0.9137254901960784,"b":0.59999999999999998,"g":0.58823529411764708,"a":1},"parentId":"da9e2157-d6a7-4df9-910c-8afc349ce253","name":"Red #4","version":1}