{"index":3,"color":{"r":1,"b":0.55686274509803924,"g":0.8901960784313725,"a":1},"parentId":"97327787-be99-498a-8b2a-2102fb7c5112","name":"Yellow #4","version":1}