{"index":2,"color":{"r":0.46274509803921571,"b":0.84313725490196079,"g":0.7803921568627451,"a":1},"parentId":"07b4794d-c85f-40f6-aaa1-41f1c632a029","name":"Teal #3","version":1}