{"color":{"r":0.13725490196078433,"b":0.13725490196078433,"g":0.52941176470588236,"a":1},"version":1,"parentId":"93875525-bb50-47f5-b200-3fac5ae456b0","name":"Green #2 - Primary","index":0}