{"version":1,"index":1,"parentId":"97327787-be99-498a-8b2a-2102fb7c5112","name":"Yellow #1","color":{"r":0.72156862745098038,"b":0,"g":0.53725490196078429,"a":1}}