{"color":{"r":1,"b":0.8509803921568627,"g":0.9607843137254902,"a":1},"version":1,"parentId":"837e2175-0593-4eec-b653-b0d0ab3468aa","name":"Tertiary Yellow","index":4}