{"index":4,"color":{"r":0.88627450980392153,"b":0.96862745098039216,"g":0.95294117647058818,"a":1},"parentId":"07b4794d-c85f-40f6-aaa1-41f1c632a029","name":"Teal #5","version":1}