{"index":6,"color":{"r":0.94901960784313721,"b":0.94901960784313721,"g":0.94901960784313721,"a":1},"parentId":"1b934fb3-e151-493f-a622-4263a4b9b733","name":"Gray #7","version":1}