{"index":3,"color":{"r":0.59999999999999998,"b":0.59999999999999998,"g":0.59999999999999998,"a":1},"parentId":"1b934fb3-e151-493f-a622-4263a4b9b733","name":"Gray #4","version":1}