{"color":{"r":0.36078431372549019,"b":0.7803921568627451,"g":0.56862745098039214,"a":1},"version":1,"parentId":"ebd0655f-9a5d-42ca-9412-aa610ca86c42","name":"Blue #3","index":3}