{"version":1,"index":2,"parentId":"1b934fb3-e151-493f-a622-4263a4b9b733","name":"Gray #1","color":{"r":0.13333333333333333,"b":0.13333333333333333,"g":0.13333333333333333,"a":1}}